"id_ticket","data_abertura","status","modulo","caminho","tipo","responsável","prioridade","última_atualização","tempo_gasto_uteis"
401,"31/03/2026 10:43:58",Cancelado,UniFiscal,UniFiscal,Erro,,Alta,"31/03/2026 10:56:53","0 dias 0 horas 12 minutos"
400,"31/03/2026 09:36:04",Concluído,UniFiscal,UniFiscal > D + 1 > Espelho NF-e,Erro,GUILHERME LOPES PIRES DA SILVA,Média,"31/03/2026 10:36:49","0 dias 1 horas 0 minutos"
399,"31/03/2026 09:34:29",Concluído,UniFiscal,UniFiscal > D + 1 > Espelho NF-e,Erro,GUILHERME LOPES PIRES DA SILVA,Alta,"31/03/2026 09:43:01","0 dias 0 horas 8 minutos"
398,"30/03/2026 15:57:50",Concluído,UniFiscal,UniFiscal > D+1 > Espelho NF-e,Erro,GUILHERME LOPES PIRES DA SILVA,Média,"31/03/2026 08:41:55","1 dias 16 horas 44 minutos"
397,"30/03/2026 14:29:52",Cancelado,UniDP,UniDP,Dúvidas,,Média,"30/03/2026 14:35:31","0 dias 0 horas 5 minutos"
396,"30/03/2026 14:05:49",Cancelado,UniFiscal,UniFiscal,Erro,,Alta,"30/03/2026 14:06:12","0 dias 0 horas 0 minutos"
395,"30/03/2026 13:59:53",Cancelado,UniFiscal,UniFiscal,Dúvidas,,Alta,"30/03/2026 14:05:20","0 dias 0 horas 5 minutos"
394,"30/03/2026 13:13:18",Cancelado,UniDP,UniDP,Erro,,Baixa,"30/03/2026 13:14:43","0 dias 0 horas 1 minutos"
393,"30/03/2026 11:04:40",Concluído,UniFiscal,UniFiscal > D + 1 > Upload Arquivo SPED,Erro,GUILHERME LOPES PIRES DA SILVA,Alta,"01/04/2026 11:17:28","2 dias 0 horas 12 minutos"
392,"30/03/2026 10:55:57",Cancelado,UniFiscal,UniFiscal > D + 1 > Upload Arquivo SPED,Erro,,Alta,"30/03/2026 11:07:08","0 dias 0 horas 11 minutos"
391,"30/03/2026 10:37:06",Cancelado,UniFiscal,UniFiscal > D+1 > Upload Arquivo SPED,Erro,,Alta,"30/03/2026 10:41:14","0 dias 0 horas 4 minutos"
390,"30/03/2026 10:30:12",Cancelado,UniDP,UniDP > Meu Portal > Controle de Ponto,Erro,,Alta,"30/03/2026 10:32:59","0 dias 0 horas 2 minutos"
389,"27/03/2026 17:25:34",Em Andamento,UniFiscal,UniFiscal > D+1 > Espelho NF-e,Erro,GUILHERME LOPES PIRES DA SILVA,Média,"30/03/2026 09:25:40","1 dias 16 horas 0 minutos"
388,"27/03/2026 13:53:33",Concluído,UniFiscal,UniFiscal > D+1 > Conferência Fiscal Saída,Erro,GUILHERME LOPES PIRES DA SILVA,Média,"30/03/2026 09:25:16","1 dias 19 horas 31 minutos"
387,"27/03/2026 13:51:23",Concluído,UniDP,UniDP,Erro,,Baixa,"27/03/2026 16:22:19","0 dias 2 horas 30 minutos"
386,"27/03/2026 13:10:19",Concluído,UniAtend,UniAtend > Início > Tickets,Erro,,Alta,"27/03/2026 16:22:45","0 dias 3 horas 12 minutos"
385,"27/03/2026 12:56:10",Concluído,UniFiscal,UniFiscal,Erro,GUILHERME LOPES PIRES DA SILVA,Média,"27/03/2026 14:25:06","0 dias 1 horas 28 minutos"
384,"27/03/2026 11:57:09",Concluído,UniFiscal,UniFiscal > D+1 > Upload Arquivo SPED,Erro,GUILHERME LOPES PIRES DA SILVA,Alta,"30/03/2026 09:22:31","1 dias 21 horas 25 minutos"
383,"27/03/2026 08:41:45",Concluído,UniFiscal,UniFiscal > D + 1 > Conferência Fiscal Saída,Erro,GUILHERME LOPES PIRES DA SILVA,Média,"27/03/2026 14:22:13","0 dias 5 horas 40 minutos"
382,"27/03/2026 08:30:39",Concluído,UniFiscal,UniFiscal > D + 1 > Conferência Fiscal Saída,Erro,GUILHERME LOPES PIRES DA SILVA,Média,"27/03/2026 14:16:28","0 dias 5 horas 45 minutos"
381,"26/03/2026 14:49:03",Concluído,UniFiscal,UniFiscal > D + 1 > Conferência Fiscal Saída,Erro,GUILHERME LOPES PIRES DA SILVA,Média,"27/03/2026 16:30:25","1 dias 1 horas 41 minutos"
380,"26/03/2026 14:32:55",Concluído,UniFiscal,UniFiscal > D+1 > Conferência Fiscal Saída,Erro,GUILHERME LOPES PIRES DA SILVA,Média,"26/03/2026 15:23:19","0 dias 0 horas 50 minutos"
379,"26/03/2026 13:04:36",Concluído,UniFiscal,UniFiscal > D + 1 > Espelho NF-e,Erro,,Alta,"26/03/2026 14:51:37","0 dias 1 horas 47 minutos"
378,"26/03/2026 12:32:39",Concluído,UniFiscal,UniFiscal > D + 1 > Espelho NF-e,Erro,GUILHERME LOPES PIRES DA SILVA,Média,"01/04/2026 17:03:25","4 dias 4 horas 30 minutos"
377,"26/03/2026 12:21:11",Concluído,UniFiscal,UniFiscal > D+1 > Espelho NF-e,Erro,GUILHERME LOPES PIRES DA SILVA,Média,"01/04/2026 17:03:55","4 dias 4 horas 42 minutos"
376,"26/03/2026 11:03:33",Concluído,UniFiscal,UniFiscal > D+1 > Espelho NF-e,Erro,GUILHERME LOPES PIRES DA SILVA,Média,"01/04/2026 17:04:21","4 dias 6 horas 0 minutos"
375,"26/03/2026 10:25:01",Concluído,UniFiscal,UniFiscal > D + 1 > Conferência Fiscal Saída,Erro,,Alta,"26/03/2026 14:47:56","0 dias 4 horas 22 minutos"
374,"26/03/2026 10:03:28",Concluído,UniFiscal,UniFiscal > D + 1 > Conferência Fiscal Saída,Erro,,Média,"26/03/2026 14:42:05","0 dias 4 horas 38 minutos"
373,"26/03/2026 09:42:55",Concluído,UniFiscal,UniFiscal > D + 1 > Conferência Fiscal Saída,Erro,GUILHERME LOPES PIRES DA SILVA,Média,"26/03/2026 14:37:47","0 dias 4 horas 54 minutos"
372,"26/03/2026 09:12:59",Concluído,UniFiscal,UniFiscal > D + 1 > Espelho NF-e,Erro,JEISY GONCALVES DE SOUSA,Média,"27/03/2026 08:13:08","1 dias 23 horas 0 minutos"
371,"25/03/2026 09:46:19",Em Andamento,UniFiscal,UniFiscal > D + 1 > Espelho CT-e,Erro,GUILHERME LOPES PIRES DA SILVA,Média,"25/03/2026 10:36:10","0 dias 0 horas 49 minutos"
370,"20/03/2026 15:56:32",Concluído,UniFiscal,UniFiscal > D+1 > Upload Arquivo SPED,Erro,GUILHERME LOPES PIRES DA SILVA,Alta,"23/03/2026 15:17:48","1 dias 23 horas 21 minutos"
369,"19/03/2026 15:48:25",Cancelado,UniAtend,UniAtend,Melhoria,,Baixa,"20/03/2026 14:14:07","1 dias 22 horas 25 minutos"
368,"19/03/2026 14:06:03",Cancelado,UniFiscal,UniFiscal,Erro,PAULO CARLOS LACERDA CONTIERI,Alta,"20/03/2026 14:15:22","1 dias 0 horas 9 minutos"
367,"19/03/2026 14:05:33",Cancelado,UniDP,UniDP,Erro,,Alta,"20/03/2026 14:29:51","1 dias 0 horas 24 minutos"
366,"19/03/2026 13:24:41",Cancelado,UniAtend,UniAtend,Melhoria,,Baixa,"20/03/2026 14:24:40","1 dias 0 horas 59 minutos"
365,"18/03/2026 10:35:50",Em Andamento,UniFiscal,UniFiscal,Erro,JEISY GONCALVES DE SOUSA,Alta,"18/03/2026 16:45:14","0 dias 6 horas 9 minutos"
364,"18/03/2026 09:12:53",Cancelado,UniFiscal,UniFiscal > D+1 > Espelho NF-e,Erro,,Alta,"20/03/2026 14:25:05","2 dias 5 horas 12 minutos"
363,"17/03/2026 15:58:53",Em Andamento,UniFiscal,UniFiscal > D + 1 > Upload Arquivo SPED,Erro,GUILHERME LOPES PIRES DA SILVA,Alta,"17/03/2026 17:11:23","0 dias 1 horas 12 minutos"
362,"16/03/2026 16:27:12",Concluído,UniFiscal,UniFiscal > D+1 > Upload Arquivo SPED,Erro,GUILHERME LOPES PIRES DA SILVA,Média,"17/03/2026 17:05:54","1 dias 0 horas 38 minutos"
361,"16/03/2026 12:43:53",Em Andamento,UniFiscal,UniFiscal > D+1 > Espelho CT-e,Erro,GUILHERME LOPES PIRES DA SILVA,Média,"17/03/2026 17:01:04","1 dias 4 horas 17 minutos"
360,"16/03/2026 11:24:30",Cancelado,UniDP,UniDP,Erro,ELAINE CALAZANS MOREIRA,Média,"16/03/2026 14:02:37","0 dias 2 horas 38 minutos"
359,"13/03/2026 09:07:50",Cancelado,UniFiscal,UniFiscal > D+1 > Upload Arquivo SPED,Melhoria,,Média,"13/03/2026 12:08:32","0 dias 3 horas 0 minutos"
358,"13/03/2026 08:58:51",Cancelado,UniFiscal,UniFiscal,Erro,,Alta,"13/03/2026 12:08:08","0 dias 3 horas 9 minutos"
357,"13/03/2026 08:29:51",Cancelado,UniDP,UniDP,Erro,GUILHERME LOPES PIRES DA SILVA,Média,"13/03/2026 12:07:44","0 dias 3 horas 37 minutos"
356,"12/03/2026 18:04:15",Concluído,UniFiscal,UniFiscal > D+1 > Espelho NF-e,Erro,GUILHERME LOPES PIRES DA SILVA,Média,"24/03/2026 08:16:55","8 dias 14 horas 12 minutos"
355,"08/03/2026 13:44:16",Em Andamento,UniFiscal,UniFiscal,Erro,GUILHERME LOPES PIRES DA SILVA,Alta,"24/03/2026 08:15:28","11 dias 18 horas 31 minutos"
354,"06/03/2026 17:30:11",Em Andamento,UniFiscal,UniFiscal > D + 1 > Upload Arquivo SPED,Erro,GUILHERME LOPES PIRES DA SILVA,Alta,"24/03/2026 08:14:58","12 dias 14 horas 44 minutos"
353,"06/03/2026 08:26:15",Cancelado,UniDP,UniDP,Dúvidas,,Média,"13/03/2026 12:10:57","5 dias 3 horas 44 minutos"
352,"04/03/2026 14:35:16",Em Andamento,UniFiscal,UniFiscal > D + 1 > Espelho CT-e,Erro,GUILHERME LOPES PIRES DA SILVA,Alta,"24/03/2026 08:14:21","14 dias 17 horas 39 minutos"
351,"04/03/2026 13:28:08",Cancelado,UniDP,UniDP > Meu Portal > Controle de Ponto,Melhoria,GUILHERME LOPES PIRES DA SILVA,Baixa,"13/03/2026 12:12:27","7 dias 22 horas 44 minutos"
350,"04/03/2026 10:03:38",Cancelado,UniFiscal,UniFiscal > D + 1 > Consulta NF-e Saída,Melhoria,ELAINE CALAZANS MOREIRA,Média,"04/03/2026 13:42:53","0 dias 3 horas 39 minutos"
349,"04/03/2026 08:59:10",Cancelado,UniConfig,UniConfig > Gestão de Usuários > Cadastro de Usuário,Dúvidas,,Baixa,"13/03/2026 12:12:59","7 dias 3 horas 13 minutos"
348,"03/03/2026 19:40:06",Cancelado,UniAtend,UniAtend,Dúvidas,,Baixa,"04/03/2026 17:12:51","1 dias 21 horas 32 minutos"
347,"03/03/2026 06:23:58",Concluído,UniFiscal,UniFiscal,Erro,GUILHERME LOPES PIRES DA SILVA,Alta,"04/03/2026 10:07:37","1 dias 3 horas 43 minutos"
346,"03/03/2026 06:21:26",Concluído,UniFiscal,UniFiscal,Erro,GUILHERME LOPES PIRES DA SILVA,Alta,"03/03/2026 09:49:54","0 dias 3 horas 28 minutos"
345,"02/03/2026 20:13:58",Concluído,UniFiscal,UniFiscal > D+1 > Upload Arquivo SPED,Erro,GUILHERME LOPES PIRES DA SILVA,Alta,"03/03/2026 09:47:59","1 dias 13 horas 34 minutos"
344,"02/03/2026 19:49:32",Concluído,UniFiscal,UniFiscal > D+1 > Upload Arquivo SPED,Erro,GUILHERME LOPES PIRES DA SILVA,Alta,"03/03/2026 09:46:25","1 dias 13 horas 56 minutos"
343,"02/03/2026 11:39:59",Concluído,UniFiscal,UniFiscal > D+1 > Espelho CT-e,Erro,GUILHERME LOPES PIRES DA SILVA,Alta,"17/03/2026 16:54:00","11 dias 5 horas 14 minutos"
342,"02/03/2026 11:17:15",Concluído,UniFiscal,UniFiscal > D+1 > Conferência Fiscal Saída,Erro,GUILHERME LOPES PIRES DA SILVA,Alta,"03/03/2026 09:45:08","1 dias 22 horas 27 minutos"
341,"01/03/2026 12:15:04",Concluído,UniFiscal,UniFiscal > D + 1 > Upload Arquivo SPED,Erro,GUILHERME LOPES PIRES DA SILVA,Alta,"03/03/2026 09:43:40","1 dias 21 horas 28 minutos"
340,"01/03/2026 12:12:32",Concluído,UniFiscal,UniFiscal > D + 1 > Upload Arquivo SPED,Erro,GUILHERME LOPES PIRES DA SILVA,Alta,"03/03/2026 09:42:51","1 dias 21 horas 30 minutos"
339,"27/02/2026 09:56:12",Concluído,UniFiscal,UniFiscal,Erro,GUILHERME LOPES PIRES DA SILVA,Alta,"03/03/2026 09:41:59","2 dias 23 horas 45 minutos"
338,"26/02/2026 11:19:29",Cancelado,UniDP,UniDP,Erro,,Alta,"27/02/2026 08:04:34","1 dias 20 horas 45 minutos"
337,"24/02/2026 08:08:45",Em Andamento,UniFiscal,UniFiscal > D + 1 > Conferência Fiscal Saída,Erro,JEISY GONCALVES DE SOUSA,Alta,"27/03/2026 08:49:01","23 dias 0 horas 40 minutos"
336,"24/02/2026 08:02:12",Concluído,UniFiscal,UniFiscal > D + 1 > Conferência Fiscal Saída,Erro,JEISY GONCALVES DE SOUSA,Alta,"27/03/2026 14:18:22","23 dias 6 horas 16 minutos"
335,"24/02/2026 07:56:45",Em Andamento,UniFiscal,UniFiscal > D+1 > Conferência Fiscal Saída,Erro,JEISY GONCALVES DE SOUSA,Alta,"03/03/2026 08:45:00","5 dias 0 horas 48 minutos"
334,"21/02/2026 19:05:41",Concluído,UniFiscal,UniFiscal > D+1 > Espelho NF-e,Erro,GUILHERME LOPES PIRES DA SILVA,Alta,"04/03/2026 10:04:00","7 dias 14 horas 58 minutos"
333,"19/02/2026 09:50:17",Concluído,UniFiscal,UniFiscal > D + 1 > Conferência Fiscal Saída,Erro,GUILHERME LOPES PIRES DA SILVA,Alta,"24/02/2026 08:48:38","3 dias 22 horas 58 minutos"
332,"19/02/2026 08:51:19",Cancelado,UniAtend,UniAtend > Início > Tickets,Erro,GUILHERME LOPES PIRES DA SILVA,Média,"19/02/2026 11:24:31","0 dias 2 horas 33 minutos"
331,"18/02/2026 12:06:40",Concluído,UniFiscal,UniFiscal > D+1 > Espelho NF-e,Erro,GUILHERME LOPES PIRES DA SILVA,Alta,"24/02/2026 08:49:30","4 dias 20 horas 42 minutos"
330,"13/02/2026 13:38:32",Concluído,UniDP,UniDP > Consultas > Consultas Holerites,Erro,GUILHERME LOPES PIRES DA SILVA,Média,"13/02/2026 13:39:55","0 dias 0 horas 1 minutos"
329,"13/02/2026 11:34:50",Concluído,UniDP,UniDP > Importações > Upload de Holerite,Erro,GUILHERME LOPES PIRES DA SILVA,Baixa,"13/02/2026 11:49:48","0 dias 0 horas 14 minutos"
328,"13/02/2026 11:33:27",Concluído,UniDP,UniDP > Cadastros > Colaboradores,Erro,GUILHERME LOPES PIRES DA SILVA,Baixa,"13/02/2026 11:49:09","0 dias 0 horas 15 minutos"
327,"13/02/2026 11:31:41",Concluído,UniDP,UniDP > Importações > Upload de Holerite,Erro,GUILHERME LOPES PIRES DA SILVA,Média,"13/02/2026 11:48:18","0 dias 0 horas 16 minutos"
326,"13/02/2026 11:30:30",Concluído,UniDP,UniDP > Administração pessoal > Rescisão,Erro,GUILHERME LOPES PIRES DA SILVA,Alta,"13/02/2026 11:45:44","0 dias 0 horas 15 minutos"
325,"13/02/2026 11:27:59",Concluído,UniDP,UniDP > Administração pessoal > Admissão,Erro,,Alta,"13/02/2026 11:44:37","0 dias 0 horas 16 minutos"
324,"13/02/2026 11:26:08",Concluído,UniDP,UniDP > Gestão Hierárquica > Coordenadores,Erro,,Alta,"13/02/2026 11:43:26","0 dias 0 horas 17 minutos"
323,"13/02/2026 11:25:04",Concluído,UniDP,UniDP > Gestão de Ponto > Gestão de Justificativas,Erro,GUILHERME LOPES PIRES DA SILVA,Alta,"13/02/2026 11:42:34","0 dias 0 horas 17 minutos"
322,"13/02/2026 11:23:57",Concluído,UniDP,UniDP > Gestão de Ponto > Gestão de Justificativas,Melhoria,GUILHERME LOPES PIRES DA SILVA,Alta,"13/02/2026 11:41:44","0 dias 0 horas 17 minutos"
321,"13/02/2026 11:20:51",Concluído,UniDP,UniDP > Gestão de Ponto > Relatório Controle de Ponto,Erro,GUILHERME LOPES PIRES DA SILVA,Alta,"13/02/2026 11:40:56","0 dias 0 horas 20 minutos"
320,"13/02/2026 11:19:41",Concluído,UniDP,UniDP > Administração pessoal > Admissão,Erro,GUILHERME LOPES PIRES DA SILVA,Alta,"13/02/2026 11:39:59","0 dias 0 horas 20 minutos"
319,"13/02/2026 11:16:28",Concluído,UniDP,UniDP > Gestão de Ponto > Relatório Controle de Ponto,Erro,GUILHERME LOPES PIRES DA SILVA,Alta,"13/02/2026 11:39:09","0 dias 0 horas 22 minutos"
318,"13/02/2026 11:14:34",Concluído,UniDP,UniDP > Administração pessoal > Admissão,Erro,GUILHERME LOPES PIRES DA SILVA,Alta,"13/02/2026 11:38:08","0 dias 0 horas 23 minutos"
317,"13/02/2026 11:12:56",Concluído,UniDP,UniDP > Gestão de Ponto > Gestão de Justificativas,Dúvidas,GUILHERME LOPES PIRES DA SILVA,Alta,"13/02/2026 11:37:16","0 dias 0 horas 24 minutos"
316,"12/02/2026 17:49:58",Concluído,UniAtend,UniAtend > Início > Tickets,Erro,GUILHERME LOPES PIRES DA SILVA,Alta,"24/02/2026 08:51:59","8 dias 15 horas 2 minutos"
315,"11/02/2026 15:35:04",Concluído,UniDP,UniDP > Administração pessoal > Programação de Férias,Erro,GUILHERME LOPES PIRES DA SILVA,Alta,"11/02/2026 15:40:32","0 dias 0 horas 5 minutos"
314,"11/02/2026 15:32:28",Concluído,UniDP,UniDP > Cadastros > Colaboradores,Erro,GUILHERME LOPES PIRES DA SILVA,Alta,"11/02/2026 15:39:52","0 dias 0 horas 7 minutos"
313,"05/02/2026 18:09:42",Concluído,UniFiscal,UniFiscal > D+1 > Espelho NF-e,Erro,GUILHERME LOPES PIRES DA SILVA,Alta,"11/02/2026 16:25:21","4 dias 22 horas 15 minutos"
312,"04/02/2026 13:34:57",Cancelado,UniAtend,UniAtend > Início > Tickets,Dúvidas,,Alta,"04/02/2026 13:39:38","0 dias 0 horas 4 minutos"
311,"02/02/2026 11:03:52",Cancelado,UniDP,UniDP > Gestão de Ponto > Controle de Ponto,Erro,,Alta,"04/02/2026 08:56:14","2 dias 21 horas 52 minutos"
310,"02/02/2026 06:23:27",Concluído,UniFiscal,UniFiscal > D+1 > Espelho CT-e,Erro,GUILHERME LOPES PIRES DA SILVA,Alta,"11/02/2026 15:42:05","7 dias 9 horas 18 minutos"
309,"30/01/2026 09:45:12",Cancelado,UniDP,UniDP,Melhoria,,Média,"04/02/2026 13:40:13","3 dias 3 horas 55 minutos"
308,"30/01/2026 09:38:50",Cancelado,UniDP,UniDP,Melhoria,,Média,"04/02/2026 13:40:38","3 dias 4 horas 1 minutos"
307,"27/01/2026 16:24:05",Concluído,UniFiscal,UniFiscal,Erro,GUILHERME LOPES PIRES DA SILVA,Alta,"03/02/2026 14:49:32","5 dias 22 horas 25 minutos"
306,"23/01/2026 17:04:14",Concluído,UniFiscal,UniFiscal > D+1 > Conferência Fiscal Saída,Erro,JEISY GONCALVES DE SOUSA,Alta,"03/02/2026 17:42:13","7 dias 0 horas 37 minutos"
305,"23/01/2026 16:14:45",Concluído,UniFiscal,UniFiscal > D+1 > Espelho CT-e,Erro,GUILHERME LOPES PIRES DA SILVA,Alta,"03/02/2026 10:35:16","7 dias 18 horas 20 minutos"
304,"23/01/2026 13:00:57",Concluído,UniFiscal,UniFiscal > D+1 > Conferência Fiscal Saída,Erro,JEISY GONCALVES DE SOUSA,Alta,"05/02/2026 09:09:31","9 dias 20 horas 8 minutos"
303,"23/01/2026 10:15:05",Concluído,UniFiscal,UniFiscal > D+1 > Conferência Fiscal Saída,Melhoria,JEISY GONCALVES DE SOUSA,Alta,"03/02/2026 17:38:34","7 dias 7 horas 23 minutos"
302,"23/01/2026 08:49:49",Concluído,UniFiscal,UniFiscal > D+1 > Espelho NF-e,Erro,GUILHERME LOPES PIRES DA SILVA,Alta,"03/02/2026 10:35:35","7 dias 1 horas 45 minutos"
301,"23/01/2026 08:39:31",Concluído,UniFiscal,UniFiscal > D+1 > Espelho NF-e,Erro,GUILHERME LOPES PIRES DA SILVA,Alta,"03/02/2026 10:26:34","7 dias 1 horas 47 minutos"
300,"23/01/2026 08:33:44",Concluído,UniFiscal,UniFiscal > D+1 > Espelho CT-e,Erro,GUILHERME LOPES PIRES DA SILVA,Alta,"03/02/2026 10:26:11","7 dias 1 horas 52 minutos"
299,"19/01/2026 17:19:28",Cancelado,UniDP,UniDP,Erro,,Alta,"04/02/2026 13:40:58","12 dias 20 horas 21 minutos"
